{"sane": false, "normalizes": true, "log_prob": -1538.432813167572, "avg_log_prob": -3.076865626335144, "perplexity": 21.690310201674237}