{"sane": true, "normalizes": true, "log_prob": -1408.3016967773438, "avg_log_prob": -2.8166033935546877, "perplexity": 16.71996298025775}