{"sane": true, "normalizes": true, "log_prob": -1656.0310881137848, "avg_log_prob": -3.3120621762275695, "perplexity": 27.44165669527928}