{"sane": true, "normalizes": true, "log_prob": -1185.0393767356873, "avg_log_prob": -2.3700787534713745, "perplexity": 10.69823477406215}