{"sane": false, "normalizes": true, "log_prob": -1455.7164235115051, "avg_log_prob": -2.9114328470230104, "perplexity": 18.383119903918033}