{"sane": true, "normalizes": true, "log_prob": -863.9964996711351, "avg_log_prob": -1.7279929993422702, "perplexity": 5.629344465150379}