{"sane": false, "normalizes": true, "log_prob": -1773.6812014579773, "avg_log_prob": -3.5473624029159545, "perplexity": 34.721614973216944}